"module","size","avg_degree","max_degree","internal_edges","external_edges","density","external_ratio"
1,10,9.2,24,34,24,0.755555555555556,0.413793103448276
2,7,14.2857142857143,20,38,24,1.80952380952381,0.387096774193548
3,6,9,22,16,22,1.06666666666667,0.578947368421053
4,3,3.33333333333333,6,4,2,1.33333333333333,0.333333333333333
5,2,2,2,2,0,2,0
